game_id,week,home_team,away_team,model_home_prob,market_home_prob,home_win,winner,model_pick,model_correct,market_correct
2026_01_ARI_LAC,1,LAC,ARI,0.6807424066787587,0.7867435158501441,0.0,ARI,LAC,0,0
2026_01_ATL_PIT,1,PIT,ATL,0.5786521956848236,0.7179705215419501,1.0,PIT,PIT,1,1
2026_01_BAL_IND,1,IND,BAL,0.4212232910064689,0.4066302458405761,0.0,BAL,BAL,1,1
2026_01_BUF_HOU,1,HOU,BUF,0.5231882518444557,0.4956702459300312,0.0,BUF,HOU,0,1
2026_01_CHI_CAR,1,CAR,CHI,0.43481606763369235,0.4003612281757977,0.0,CHI,CHI,1,1
2026_01_CLE_JAX,1,JAX,CLE,0.7384456022848448,0.7913616398243045,1.0,JAX,JAX,1,1
2026_01_DAL_NYG,1,NYG,DAL,0.5182889646699852,0.4003612281757977,1.0,NYG,NYG,1,0
2026_01_DEN_KC,1,KC,DEN,0.40008903473227414,0.5427435387673957,1.0,KC,DEN,0,1
2026_01_GB_MIN,1,MIN,GB,0.5869355045319231,0.5324675324675325,1.0,MIN,MIN,1,1
2026_01_MIA_LV,1,LV,MIA,0.42655873330864047,0.6037569709421778,1.0,LV,MIA,0,1
2026_01_NE_SEA,1,SEA,NE,0.6498992898653672,0.5996387718242023,1.0,SEA,SEA,1,1
2026_01_NO_DET,1,DET,NO,0.6338825416918739,0.7335423197492164,1.0,DET,DET,1,1
2026_01_NYJ_TEN,1,TEN,NYJ,0.6011522895813489,0.5173641257162701,0.0,NYJ,TEN,0,0
2026_01_SF_LA,1,LA,SF,0.5989267620591837,0.6574752261956054,0.0,SF,LA,0,0
2026_01_TB_CIN,1,CIN,TB,0.5613186830850614,0.644729178800233,1.0,CIN,CIN,1,1
2026_01_WAS_PHI,1,PHI,WAS,0.6453697479144099,0.6805555555555556,1.0,PHI,PHI,1,1
2026_02_CAR_ATL,2,ATL,CAR,0.5833673066610975,0.4170073589533933,0.0,CAR,ATL,0,1
2026_02_CIN_HOU,2,HOU,CIN,0.6391768154782492,0.5720596355604638,0.0,CIN,HOU,0,0
2026_02_CLE_TB,2,TB,CLE,0.6356399133089603,0.7768331562167907,0.0,CLE,TB,0,0
2026_02_DET_BUF,2,BUF,DET,0.6375530663436422,0.6750312469954812,1.0,BUF,BUF,1,1
2026_02_GB_NYJ,2,NYJ,GB,0.372752019259773,0.3775334481388264,0.0,GB,GB,1,1
2026_02_IND_KC,2,KC,IND,0.5899990728761392,0.6957699520733487,1.0,KC,KC,1,1
2026_02_JAX_DEN,2,DEN,JAX,0.5003913889239086,0.5720596355604638,1.0,DEN,DEN,1,1
2026_02_LV_LAC,2,LAC,LV,0.6633823595898012,0.7335423197492164,0.0,LV,LAC,0,0
2026_02_MIA_SF,2,SF,MIA,0.6984251197782656,0.863013698630137,1.0,SF,SF,1,1
2026_02_MIN_CHI,2,CHI,MIN,0.527093631132642,0.6574752261956054,0.0,MIN,CHI,0,0
2026_02_NO_BAL,2,BAL,NO,0.6521990607623311,0.7571884984025559,0.0,NO,BAL,0,0
2026_02_NYG_LA,2,LA,NYG,0.6746554040681495,0.7179705215419501,1.0,LA,LA,1,1
2026_02_PHI_TEN,2,TEN,PHI,0.350608362643988,0.26645768025078376,0.0,PHI,PHI,1,1
2026_02_PIT_NE,2,NE,PIT,0.6566903445534551,0.6636481241914618,1.0,NE,NE,1,1
2026_02_SEA_ARI,2,ARI,SEA,0.25236231021101346,0.34252477380439467,0.0,SEA,SEA,1,1
2026_02_WAS_DAL,2,DAL,WAS,0.5026891068522241,0.6574752261956054,1.0,DAL,DAL,1,1
2026_03_ARI_SF,3,SF,ARI,0.7004089819715429,0.7659021045164341,1.0,SF,SF,1,1
2026_03_ATL_GB,3,GB,ATL,0.6285163004051576,0.6690070210631895,0.0,ATL,GB,0,0
2026_03_BAL_DAL,3,DAL,BAL,0.45547070981641097,0.3962430290578221,0.0,BAL,BAL,1,1
2026_03_CAR_CLE,3,CLE,CAR,0.5101933267940393,0.448558885283451,1.0,CLE,CLE,1,0
2026_03_CIN_PIT,3,PIT,CIN,0.4347594322490052,0.3835616438356164,1.0,PIT,CIN,0,0
2026_03_HOU_IND,3,IND,HOU,0.4171691205578792,0.4675324675324675,1.0,IND,HOU,0,0
2026_03_KC_MIA,3,MIA,KC,0.4302726440887631,0.17766497461928932,0.0,KC,KC,1,1
2026_03_LAC_BUF,3,BUF,LAC,0.7593333168755082,0.7335423197492164,1.0,BUF,BUF,1,1
2026_03_LA_DEN,3,DEN,LA,0.5323900103100324,0.5043297540699688,1.0,DEN,DEN,1,1
2026_03_LV_NO,3,NO,LV,0.6347405942158828,0.6309403437815976,0.0,LV,NO,0,0
2026_03_MIN_TB,3,TB,MIN,0.43500554950851916,0.4956702459300312,0.0,MIN,MIN,1,1
2026_03_NE_JAX,3,JAX,NE,0.5610050589020502,0.593369754159424,1.0,JAX,JAX,1,1
2026_03_NYJ_DET,3,DET,NYJ,0.7240908670712437,0.7335423197492164,1.0,DET,DET,1,1
2026_03_SEA_WAS,3,WAS,SEA,0.29811314649313325,0.22849462365591394,1.0,WAS,SEA,0,0
2026_03_TEN_NYG,3,NYG,TEN,0.6554162211864987,0.5427435387673957,1.0,NYG,NYG,1,1
