home_team,away_team,model_home_prob,market_home_prob,edge,driver,spread_line,gameday,gametime,home_win
ATL,BAL,0.29908003607721784,0.6164383561643836,-0.31735832008716575,QB rating → BAL,3.0,2026-10-11,20:20,
DAL,TB,0.6041516560350381,0.8081570996978852,-0.20400544366284712,Elo → DAL,9.5,2026-10-08,20:15,0.0
LA,BUF,0.43387714723223586,0.6092362344582594,-0.1753590872260235,QB rating → BUF,3.0,2026-10-12,20:15,
JAX,PHI,0.6021423980471697,0.7659021045164341,-0.1637597064692644,net EPA/play → JAX,7.5,2026-10-11,09:30,
WAS,NYG,0.49308485582404604,0.6037569709421778,-0.1106721151181318,recent margin → NYG,3.5,2026-10-11,13:00,
NO,MIN,0.34638132070804517,0.43650793650793646,-0.09012661579989129,Elo → MIN,-2.5,2026-10-11,13:00,
MIA,CIN,0.32275286066261655,0.2522172949002217,0.07053556576239484,net EPA/play → CIN,-7.0,2026-10-11,13:00,
LAC,DEN,0.4381511836366503,0.3690596562184025,0.06909152741824781,Elo → DEN,-3.5,2026-10-11,16:05,
NYJ,CLE,0.5033884351692766,0.551441114716549,-0.04805267954727244,QB rating → NYJ,2.5,2026-10-11,13:00,
SEA,SF,0.5456711561961378,0.593369754159424,-0.04769859796328613,recent margin → SEA,3.0,2026-10-11,16:25,
NE,LV,0.6462942930261234,0.6309403437815976,0.015353949244525822,Elo → NE,3.5,2026-10-11,13:00,
PIT,IND,0.5867020654667943,0.5720596355604638,0.014642429906330467,QB rating → PIT,3.0,2026-10-11,13:00,
GB,CHI,0.45532686640242265,0.4675324675324675,-0.012205601130044874,recent margin → CHI,-1.5,2026-10-11,13:00,
TEN,HOU,0.23795743097407057,0.2491874322860238,-0.01123000131195323,Elo → HOU,-7.0,2026-10-11,13:00,
ARI,DET,0.3211253750492404,0.31460674157303364,0.006518633476206737,QB rating → DET,-5.5,2026-10-11,16:25,
