team,conference,division,wins_now,games_played,proj_wins,make_playoffs,win_division,top_seed,win_conference,win_sb
SEA,NFC,NFC West,3,4,11.1,0.8293,0.3212,0.1852,0.2685,0.1721
SF,NFC,NFC West,4,4,12.1,0.9367,0.5707,0.3789,0.2547,0.1431
BUF,AFC,AFC East,3,4,12.2,0.9654,0.8474,0.2834,0.278,0.1425
JAX,AFC,AFC South,3,4,11.3,0.9179,0.8358,0.1583,0.2116,0.1035
MIN,NFC,NFC North,4,4,11.2,0.8571,0.5299,0.2025,0.184,0.0996
KC,AFC,AFC West,4,4,11.8,0.9528,0.8138,0.2725,0.1699,0.0744
BAL,AFC,AFC North,3,4,11.4,0.9019,0.6187,0.1787,0.125,0.0514
NE,AFC,AFC East,2,4,9.2,0.6007,0.1481,0.0244,0.0765,0.0373
LA,NFC,NFC West,2,4,9.8,0.5834,0.1081,0.0464,0.0694,0.0359
CHI,NFC,NFC North,3,4,10.0,0.587,0.1956,0.0481,0.0621,0.0299
DEN,AFC,AFC West,2,4,9.2,0.5054,0.1149,0.0145,0.0513,0.0228
DET,NFC,NFC North,2,4,10.0,0.6087,0.2383,0.0652,0.0495,0.0209
CIN,AFC,AFC North,2,4,10.4,0.7495,0.2932,0.0503,0.0444,0.0156
PHI,NFC,NFC East,2,4,9.2,0.5467,0.4337,0.0305,0.0378,0.0154
DAL,NFC,NFC East,2,4,8.9,0.4478,0.3305,0.0176,0.0187,0.006
CAR,NFC,NFC South,2,4,8.0,0.4988,0.4768,0.0085,0.0181,0.006
ATL,NFC,NFC South,2,4,7.3,0.2918,0.2711,0.0031,0.0134,0.0053
NYG,NFC,NFC East,3,4,8.3,0.3128,0.2134,0.0097,0.0125,0.0037
PIT,AFC,AFC North,2,4,8.0,0.2385,0.0354,0.0026,0.0106,0.0037
IND,AFC,AFC South,2,4,8.0,0.2995,0.1069,0.0043,0.0106,0.0027
HOU,AFC,AFC South,0,4,7.3,0.1771,0.0568,0.0012,0.0074,0.0026
GB,NFC,NFC North,2,4,8.0,0.183,0.0362,0.0035,0.0059,0.0021
CLE,AFC,AFC North,3,4,8.3,0.2739,0.0527,0.0041,0.0072,0.0014
LV,AFC,AFC West,3,4,8.6,0.3516,0.0672,0.0055,0.0065,0.001
TB,NFC,NFC South,0,4,6.2,0.1584,0.1463,0.0006,0.0032,0.0005
NO,NFC,NFC South,1,4,6.2,0.1137,0.1058,0.0002,0.0015,0.0004
WAS,NFC,NFC East,1,4,6.0,0.0367,0.0224,0.0,0.0005,0.0001
ARI,NFC,NFC West,1,4,5.4,0.0081,0.0,0.0,0.0002,0.0001
NYJ,AFC,AFC East,1,4,5.5,0.028,0.0034,0.0001,0.0004,0.0
LAC,AFC,AFC West,0,4,5.4,0.0253,0.0041,0.0001,0.0006,0.0
MIA,AFC,AFC East,0,4,4.7,0.0117,0.0011,0.0,0.0,0.0
TEN,AFC,AFC South,0,4,3.1,0.0008,0.0005,0.0,0.0,0.0
