season,through_week,team,conference,division,wins_now,games_played,proj_wins,make_playoffs,win_division,top_seed,win_conference,win_sb
2026,0,SEA,NFC,NFC West,0,0,11.5,0.892,0.51225,0.29025,0.329,0.213
2026,0,BUF,AFC,AFC East,0,0,11.7,0.920125,0.760125,0.282375,0.23825,0.1185
2026,0,LA,NFC,NFC West,0,0,10.9,0.815375,0.348,0.186625,0.1765,0.0995
2026,0,HOU,AFC,AFC South,0,0,10.4,0.768125,0.49525,0.1065,0.157125,0.0825
2026,0,DEN,AFC,AFC West,0,0,9.9,0.672125,0.471125,0.062625,0.12775,0.06275
2026,0,PHI,NFC,NFC East,0,0,10.6,0.81625,0.703125,0.156875,0.12425,0.05675
2026,0,BAL,AFC,AFC North,0,0,11.6,0.892,0.59525,0.243375,0.135625,0.056625
2026,0,DET,NFC,NFC North,0,0,10.6,0.758,0.4795,0.132625,0.1095,0.0525
2026,0,JAX,AFC,AFC South,0,0,10.3,0.747375,0.46225,0.094625,0.104625,0.04875
2026,0,NE,AFC,AFC East,0,0,9.4,0.575125,0.2005,0.043,0.0845,0.0415
2026,0,SF,NFC,NFC West,0,0,9.6,0.569875,0.137875,0.0585,0.06275,0.030125
2026,0,MIN,NFC,NFC North,0,0,9.3,0.506125,0.22125,0.04625,0.0535,0.027125
2026,0,CIN,AFC,AFC North,0,0,10.6,0.76625,0.337875,0.10675,0.052875,0.0205
2026,0,LAC,AFC,AFC West,0,0,8.5,0.4035,0.212125,0.01525,0.03425,0.01525
2026,0,TB,NFC,NFC South,0,0,9.0,0.601875,0.530125,0.037875,0.038875,0.01475
2026,0,GB,NFC,NFC North,0,0,8.8,0.416125,0.159875,0.0285,0.03325,0.014125
2026,0,CHI,NFC,NFC North,0,0,8.5,0.3685,0.139375,0.023625,0.031,0.0115
2026,0,KC,AFC,AFC West,0,0,9.1,0.518875,0.3005,0.030375,0.034375,0.010375
2026,0,PIT,AFC,AFC North,0,0,8.0,0.279,0.054625,0.0085,0.01675,0.006375
2026,0,DAL,NFC,NFC East,0,0,8.2,0.3425,0.17625,0.019125,0.013875,0.005125
2026,0,ATL,NFC,NFC South,0,0,6.7,0.17975,0.131125,0.003875,0.007,0.002625
2026,0,IND,AFC,AFC South,0,0,6.9,0.13525,0.039,0.002125,0.0055,0.001875
2026,0,CAR,NFC,NFC South,0,0,6.8,0.19025,0.14175,0.00475,0.006125,0.001875
2026,0,WAS,NFC,NFC East,0,0,6.8,0.13425,0.05975,0.003,0.004375,0.001875
2026,0,NO,NFC,NFC South,0,0,7.4,0.262375,0.197,0.005125,0.0065,0.001625
2026,0,MIA,AFC,AFC East,0,0,7.3,0.180625,0.037125,0.003125,0.0065,0.00125
2026,0,NYG,NFC,NFC East,0,0,6.8,0.128375,0.060875,0.002875,0.003375,0.000625
2026,0,CLE,AFC,AFC North,0,0,6.4,0.076375,0.01225,0.001125,0.001125,0.0005
2026,0,LV,AFC,AFC West,0,0,5.6,0.04,0.01625,0.000125,0.000625,0.000125
2026,0,ARI,NFC,NFC West,0,0,5.2,0.018375,0.001875,0.000125,0.000125,0.0
2026,0,NYJ,AFC,AFC East,0,0,4.8,0.013,0.00225,0.0,0.0,0.0
2026,0,TEN,AFC,AFC South,0,0,4.7,0.01225,0.0035,0.000125,0.000125,0.0
2026,1,SEA,NFC,NFC West,1,1,11.6,0.8884,0.5526,0.321,0.3536,0.2232
2026,1,BUF,AFC,AFC East,1,1,12.3,0.9637,0.8505,0.3446,0.2958,0.1601
2026,1,BAL,AFC,AFC North,1,1,12.1,0.9447,0.6372,0.2916,0.1818,0.0805
2026,1,SF,NFC,NFC West,1,1,10.4,0.7432,0.2782,0.138,0.1299,0.0689
2026,1,JAX,AFC,AFC South,1,1,10.4,0.7809,0.5137,0.0767,0.1202,0.0553
2026,1,PHI,NFC,NFC East,1,1,10.4,0.7884,0.6872,0.1414,0.1153,0.0533
2026,1,HOU,AFC,AFC South,0,1,10.1,0.7441,0.4489,0.0542,0.1084,0.0518
2026,1,DET,NFC,NFC North,1,1,10.5,0.7256,0.4185,0.1287,0.0999,0.048
2026,1,MIN,NFC,NFC North,1,1,9.6,0.5843,0.2621,0.0661,0.0797,0.0395
2026,1,LA,NFC,NFC West,0,1,9.7,0.6,0.162,0.0655,0.0767,0.0379
2026,1,KC,AFC,AFC West,1,1,10.2,0.7753,0.5948,0.0689,0.077,0.0334
2026,1,NE,AFC,AFC East,0,1,9.0,0.5371,0.1339,0.0239,0.0634,0.0319
2026,1,CHI,NFC,NFC North,1,1,9.4,0.5284,0.2254,0.0597,0.0581,0.0269
2026,1,DEN,AFC,AFC West,0,1,9.0,0.5077,0.2661,0.0149,0.0574,0.0252
2026,1,CIN,AFC,AFC North,1,1,10.9,0.8175,0.3112,0.112,0.0619,0.0229
2026,1,TB,NFC,NFC South,0,1,8.8,0.5987,0.5474,0.0339,0.032,0.01
2026,1,PIT,AFC,AFC North,1,1,8.2,0.32,0.0473,0.0089,0.0201,0.0087
2026,1,GB,NFC,NFC North,0,1,8.2,0.2938,0.094,0.0147,0.0184,0.0073
2026,1,NYG,NFC,NFC East,1,1,7.7,0.2511,0.1279,0.0089,0.0089,0.0031
2026,1,LAC,AFC,AFC West,0,1,7.4,0.2317,0.1034,0.0021,0.0084,0.0029
2026,1,NO,NFC,NFC South,0,1,7.3,0.2682,0.2212,0.0057,0.007,0.0023
2026,1,WAS,NFC,NFC East,0,1,7.1,0.1531,0.072,0.0023,0.0044,0.0018
2026,1,ATL,NFC,NFC South,0,1,6.5,0.1604,0.1285,0.0019,0.0057,0.0014
2026,1,DAL,NFC,NFC East,0,1,7.6,0.2244,0.1129,0.0091,0.0065,0.0013
2026,1,CAR,NFC,NFC South,0,1,6.2,0.1284,0.1029,0.0014,0.0028,0.0008
2026,1,ARI,NFC,NFC West,1,1,6.5,0.0636,0.0072,0.0017,0.0011,0.0006
2026,1,IND,AFC,AFC South,0,1,6.6,0.1137,0.0359,0.0007,0.0022,0.0003
2026,1,LV,AFC,AFC West,1,1,6.4,0.0885,0.0357,0.0007,0.0015,0.0003
2026,1,MIA,AFC,AFC East,0,1,6.2,0.0828,0.0113,0.0004,0.0012,0.0002
2026,1,CLE,AFC,AFC North,0,1,6.0,0.0511,0.0043,0.0004,0.0006,0.0002
2026,1,NYJ,AFC,AFC East,1,1,5.8,0.0366,0.0043,0.0,0.0001,0.0
2026,1,TEN,AFC,AFC South,0,1,4.0,0.0046,0.0015,0.0,0.0,0.0
2026,2,SEA,NFC,NFC West,2,2,12.1,0.9323,0.5888,0.3852,0.3873,0.2574
2026,2,BUF,AFC,AFC East,2,2,12.9,0.9847,0.8906,0.4585,0.3681,0.1952
2026,2,SF,NFC,NFC West,2,2,11.0,0.8166,0.2895,0.1711,0.1498,0.0783
2026,2,MIN,NFC,NFC North,2,2,10.3,0.7321,0.4097,0.1007,0.1152,0.0576
2026,2,PHI,NFC,NFC East,2,2,10.7,0.8085,0.7114,0.1356,0.1119,0.0524
2026,2,CIN,AFC,AFC North,2,2,12.2,0.9504,0.622,0.2488,0.1306,0.0488
2026,2,NE,AFC,AFC East,1,2,9.3,0.5987,0.1031,0.0239,0.083,0.0402
2026,2,BAL,AFC,AFC North,1,2,11.0,0.8721,0.3469,0.118,0.0893,0.0386
2026,2,JAX,AFC,AFC South,1,2,9.8,0.7301,0.5676,0.0332,0.0881,0.0375
2026,2,KC,AFC,AFC West,2,2,10.6,0.8323,0.6234,0.0785,0.0881,0.036
2026,2,LA,NFC,NFC West,1,2,9.8,0.5946,0.1195,0.0542,0.0662,0.0337
2026,2,DEN,AFC,AFC West,1,2,9.3,0.57,0.2588,0.0166,0.0742,0.0318
2026,2,DET,NFC,NFC North,1,2,10.3,0.6926,0.3802,0.0829,0.0726,0.0308
2026,2,HOU,AFC,AFC South,0,2,9.1,0.5867,0.3819,0.0145,0.0566,0.0211
2026,2,CHI,NFC,NFC North,1,2,8.7,0.3532,0.1175,0.0142,0.023,0.01
2026,2,GB,NFC,NFC North,1,2,8.5,0.3009,0.0926,0.0112,0.0186,0.0074
2026,2,NO,NFC,NFC South,1,2,8.4,0.452,0.4019,0.0111,0.0174,0.0057
2026,2,PIT,AFC,AFC North,1,2,7.5,0.2075,0.0208,0.0026,0.0093,0.0034
2026,2,TB,NFC,NFC South,0,2,7.8,0.3809,0.3311,0.0083,0.0112,0.0033
2026,2,CAR,NFC,NFC South,1,2,7.3,0.2762,0.2342,0.0054,0.0092,0.003
2026,2,DAL,NFC,NFC East,1,2,8.5,0.3511,0.1796,0.014,0.0111,0.0027
2026,2,NYG,NFC,NFC East,1,2,7.4,0.1799,0.086,0.0043,0.0045,0.0014
2026,2,LV,AFC,AFC West,2,2,7.8,0.2803,0.0994,0.0035,0.0055,0.0013
2026,2,LAC,AFC,AFC West,0,2,5.9,0.0629,0.0184,0.0002,0.0025,0.0008
2026,2,WAS,NFC,NFC East,0,2,6.3,0.0551,0.023,0.0009,0.0013,0.0006
2026,2,IND,AFC,AFC South,0,2,6.3,0.102,0.0481,0.0003,0.0017,0.0004
2026,2,CLE,AFC,AFC North,1,2,7.0,0.1254,0.0103,0.0011,0.0021,0.0003
2026,2,ARI,NFC,NFC West,1,2,6.1,0.037,0.0022,0.0008,0.0004,0.0001
2026,2,MIA,AFC,AFC East,0,2,5.7,0.0516,0.0033,0.0003,0.0005,0.0001
2026,2,ATL,NFC,NFC South,0,2,5.0,0.037,0.0328,0.0001,0.0003,0.0001
2026,2,NYJ,AFC,AFC East,1,2,5.7,0.04,0.003,0.0,0.0004,0.0
2026,2,TEN,AFC,AFC South,0,2,3.8,0.0053,0.0024,0.0,0.0,0.0
2026,3,BUF,AFC,AFC East,3,3,13.0,0.9856,0.9558,0.4909,0.3838,0.2094
2026,3,SEA,NFC,NFC West,2,3,11.0,0.8419,0.3929,0.1981,0.2713,0.1682
2026,3,SF,NFC,NFC West,3,3,11.5,0.8916,0.5042,0.2787,0.2265,0.1188
2026,3,MIN,NFC,NFC North,3,3,11.0,0.8547,0.471,0.2001,0.1735,0.0918
2026,3,JAX,AFC,AFC South,2,3,10.8,0.8706,0.7905,0.079,0.151,0.0703
2026,3,KC,AFC,AFC West,3,3,11.4,0.9098,0.6713,0.1474,0.1247,0.0566
2026,3,BAL,AFC,AFC North,2,3,11.4,0.8909,0.515,0.1406,0.108,0.0463
2026,3,DET,NFC,NFC North,2,3,10.6,0.7492,0.3474,0.1346,0.0917,0.0406
2026,3,DEN,AFC,AFC West,2,3,9.8,0.6362,0.2144,0.0248,0.0821,0.0405
2026,3,PHI,NFC,NFC East,2,3,9.8,0.6981,0.5888,0.0756,0.0703,0.0307
2026,3,CHI,NFC,NFC North,2,3,9.7,0.5702,0.162,0.0471,0.0619,0.0285
2026,3,CIN,AFC,AFC North,2,3,11.3,0.8696,0.4052,0.0912,0.0687,0.0268
2026,3,LA,NFC,NFC West,1,3,9.2,0.4885,0.1015,0.0343,0.0518,0.0252
2026,3,NE,AFC,AFC East,1,3,8.2,0.3337,0.0396,0.0059,0.0267,0.0122
2026,3,HOU,AFC,AFC South,0,3,8.2,0.3153,0.1465,0.0021,0.0194,0.0076
2026,3,PIT,AFC,AFC North,2,3,8.5,0.3751,0.0609,0.0069,0.018,0.0066
2026,3,DAL,NFC,NFC East,1,3,8.2,0.3338,0.2089,0.0101,0.0098,0.0033
2026,3,TB,NFC,NFC South,0,3,6.9,0.2986,0.278,0.0017,0.009,0.0031
2026,3,LV,AFC,AFC West,3,3,8.7,0.4041,0.1091,0.0088,0.0091,0.0025
2026,3,CAR,NFC,NFC South,1,3,7.0,0.3083,0.2884,0.0038,0.0079,0.0021
2026,3,NYG,NFC,NFC East,2,3,7.7,0.237,0.1428,0.0074,0.0076,0.0018
2026,3,NO,NFC,NFC South,1,3,7.3,0.3243,0.3049,0.004,0.0081,0.0018
2026,3,ATL,NFC,NFC South,1,3,6.2,0.1419,0.1287,0.0007,0.004,0.0014
2026,3,GB,NFC,NFC North,1,3,7.2,0.1225,0.0196,0.0024,0.0029,0.0011
2026,3,IND,AFC,AFC South,1,3,7.0,0.1561,0.0622,0.0009,0.0038,0.0011
2026,3,WAS,NFC,NFC East,1,3,7.1,0.1126,0.0595,0.0013,0.0033,0.0009
2026,3,CLE,AFC,AFC North,2,3,7.5,0.1577,0.0189,0.0015,0.0032,0.0005
2026,3,ARI,NFC,NFC West,1,3,5.9,0.0268,0.0014,0.0001,0.0004,0.0002
2026,3,LAC,AFC,AFC West,0,3,5.6,0.0322,0.0052,0.0,0.0008,0.0001
2026,3,NYJ,AFC,AFC East,1,3,5.7,0.0374,0.0027,0.0,0.0001,0.0
2026,3,MIA,AFC,AFC East,0,3,5.2,0.0243,0.0019,0.0,0.0006,0.0
2026,3,TEN,AFC,AFC South,0,3,3.2,0.0014,0.0008,0.0,0.0,0.0
2026,4,SEA,NFC,NFC West,3,4,11.1,0.8293,0.3212,0.1852,0.2685,0.1721
2026,4,SF,NFC,NFC West,4,4,12.1,0.9367,0.5707,0.3789,0.2547,0.1431
2026,4,BUF,AFC,AFC East,3,4,12.2,0.9654,0.8474,0.2834,0.278,0.1425
2026,4,JAX,AFC,AFC South,3,4,11.3,0.9179,0.8358,0.1583,0.2116,0.1035
2026,4,MIN,NFC,NFC North,4,4,11.2,0.8571,0.5299,0.2025,0.184,0.0996
2026,4,KC,AFC,AFC West,4,4,11.8,0.9528,0.8138,0.2725,0.1699,0.0744
2026,4,BAL,AFC,AFC North,3,4,11.4,0.9019,0.6187,0.1787,0.125,0.0514
2026,4,NE,AFC,AFC East,2,4,9.2,0.6007,0.1481,0.0244,0.0765,0.0373
2026,4,LA,NFC,NFC West,2,4,9.8,0.5834,0.1081,0.0464,0.0694,0.0359
2026,4,CHI,NFC,NFC North,3,4,10.0,0.587,0.1956,0.0481,0.0621,0.0299
2026,4,DEN,AFC,AFC West,2,4,9.2,0.5054,0.1149,0.0145,0.0513,0.0228
2026,4,DET,NFC,NFC North,2,4,10.0,0.6087,0.2383,0.0652,0.0495,0.0209
2026,4,CIN,AFC,AFC North,2,4,10.4,0.7495,0.2932,0.0503,0.0444,0.0156
2026,4,PHI,NFC,NFC East,2,4,9.2,0.5467,0.4337,0.0305,0.0378,0.0154
2026,4,DAL,NFC,NFC East,2,4,8.9,0.4478,0.3305,0.0176,0.0187,0.006
2026,4,CAR,NFC,NFC South,2,4,8.0,0.4988,0.4768,0.0085,0.0181,0.006
2026,4,ATL,NFC,NFC South,2,4,7.3,0.2918,0.2711,0.0031,0.0134,0.0053
2026,4,NYG,NFC,NFC East,3,4,8.3,0.3128,0.2134,0.0097,0.0125,0.0037
2026,4,PIT,AFC,AFC North,2,4,8.0,0.2385,0.0354,0.0026,0.0106,0.0037
2026,4,IND,AFC,AFC South,2,4,8.0,0.2995,0.1069,0.0043,0.0106,0.0027
2026,4,HOU,AFC,AFC South,0,4,7.3,0.1771,0.0568,0.0012,0.0074,0.0026
2026,4,GB,NFC,NFC North,2,4,8.0,0.183,0.0362,0.0035,0.0059,0.0021
2026,4,CLE,AFC,AFC North,3,4,8.3,0.2739,0.0527,0.0041,0.0072,0.0014
2026,4,LV,AFC,AFC West,3,4,8.6,0.3516,0.0672,0.0055,0.0065,0.001
2026,4,TB,NFC,NFC South,0,4,6.2,0.1584,0.1463,0.0006,0.0032,0.0005
2026,4,NO,NFC,NFC South,1,4,6.2,0.1137,0.1058,0.0002,0.0015,0.0004
2026,4,WAS,NFC,NFC East,1,4,6.0,0.0367,0.0224,0.0,0.0005,0.0001
2026,4,ARI,NFC,NFC West,1,4,5.4,0.0081,0.0,0.0,0.0002,0.0001
2026,4,NYJ,AFC,AFC East,1,4,5.5,0.028,0.0034,0.0001,0.0004,0.0
2026,4,LAC,AFC,AFC West,0,4,5.4,0.0253,0.0041,0.0001,0.0006,0.0
2026,4,MIA,AFC,AFC East,0,4,4.7,0.0117,0.0011,0.0,0.0,0.0
2026,4,TEN,AFC,AFC South,0,4,3.1,0.0008,0.0005,0.0,0.0,0.0
