team,off_elo,def_elo,off_pts,def_pts
BUF,1606.9406012981342,1504.9019728706273,4.27762405192537,0.19607891482509007
DET,1593.5057960062654,1464.0737699794627,3.7402318402506145,-1.4370492008214946
SEA,1562.7775724692629,1597.1033445956382,2.5111028987705115,3.8841337838255243
LA,1559.4999844685033,1526.3609878102905,2.379999378740128,1.0544395124116215
BAL,1556.2994783532777,1511.8156154330086,2.251979134131111,0.47262461732034045
JAX,1553.7412881768284,1559.8533134823642,2.1496515270731376,2.394132539294574
SF,1553.6565764086042,1517.2514670633147,2.146263056344169,0.6900586825325905
CIN,1545.8787144696414,1461.627648420011,1.8351485787856532,-1.534894063199562
DAL,1544.7307092876579,1426.5545740779048,1.7892283715063155,-2.9378170368838026
IND,1539.5833494588885,1444.7123450710615,1.5833339783555411,-2.2115061971575427
CHI,1534.6875499086507,1527.6805621276653,1.3875019963460267,1.1072224851066168
WAS,1506.7669539077704,1443.046536732738,0.27067815631081227,-2.2781385306904722
DEN,1497.2925669918513,1555.7484382139453,-0.10829732032594536,2.2299375285578074
KC,1492.4094417320875,1567.437350219478,-0.3036223307165026,2.6974940087791253
TB,1487.693900683535,1478.2287102207613,-0.492243972658598,-0.8708515911695519
GB,1483.6534008823246,1496.081228910795,-0.653863964707019,-0.15675084356819757
HOU,1481.616458750311,1558.463021003841,-0.7353416499875568,2.3385208401536404
NE,1480.3299059052003,1578.7256342776666,-0.786803763791988,3.149025371106667
PHI,1478.0290774535295,1553.5676990703532,-0.8788369018588242,2.1427079628141317
ARI,1477.5523589857887,1436.8982077752976,-0.8979056405684522,-2.524071688988098
CAR,1476.266038828978,1466.8756740583171,-0.9493584468408773,-1.3249730376673137
MIN,1471.3039105011396,1595.209018019297,-1.1478435799544162,3.80836072077188
PIT,1460.9068470182349,1527.2587836615912,-1.5637261192706071,1.0903513464636465
NO,1459.0369538038365,1493.4864831826878,-1.6385218478465393,-0.26054067269248216
ATL,1454.4476643666358,1489.9992053265378,-1.8220934253345678,-0.40003178693849006
NYG,1440.1402521333512,1500.936843793384,-2.394389914665951,0.03747375173536338
LV,1437.703137814801,1486.742904311502,-2.4918744874079573,-0.5302838275399228
LAC,1436.6002276233526,1532.4852904399008,-2.535990895065893,1.2994116175960309
MIA,1428.1205628135147,1466.6448755651297,-2.875177487459413,-1.3342049773948088
NYJ,1421.3182654196478,1451.7384578840267,-3.147269383214088,-1.9304616846389284
CLE,1402.2248690361644,1513.3743746819925,-3.91100523855343,0.5349749872797009
TEN,1398.0829593388387,1452.389316427498,-4.076681626446452,-1.904427342900079
